NCDD_CodeP,NCDD_CodeD,NCDD_CodeC,Commune,SLR
1,102,10201,Banteay Neang,1
1,102,10202,Bat Trang,1
1,102,10203,Chamnaom,0
1,102,10204,Kouk Ballangk,0
1,102,10205,Koy Maeng,0
1,102,10206,Ou Prasat,1
1,102,10207,Phnum Touch,0
1,102,10208,Rohat Tuek,0
1,102,10209,Ruessei Kraok,1
1,102,10210,Sambuor,0
1,102,10211,Soea,0
1,102,10212,Srah Reang,0
1,102,10213,Ta Lam,0
1,103,10301,Nam Tau,0
1,103,10302,Poy Char,0
1,103,10303,Ponley,1
1,103,10304,Spean Sraeng,0
1,103,10305,Srah Chik,0
1,103,10306,Phnum Dei,0
1,104,10401,Chnuor Mean Chey,0
1,104,10402,Chob Vari,0
1,104,10403,Phnum Lieb,0
1,104,10404,Prasat,0
1,104,10405,Preak Netr Preah,0
1,104,10406,Rohal,1
1,104,10407,Tean Kam,1
1,104,10408,Tuek Chour,0
1,104,10409,Bos Sbov,0
1,105,10501,Changha,0
1,105,10502,Koub,0
1,105,10503,Kuttasat,0
1,105,10505,Samraong,0
1,105,10506,Souphi,0
1,105,10507,Soengh,0
1,105,10509,Ou Beichoan,0
1,106,10602,Kampong Svay,0
1,106,10603,Kaoh Pong Satv,0
1,106,10604,Mkak,0
1,106,10605,Ou Ambel,0
1,106,10606,Phniet,0
1,106,10607,Preah Ponlea,0
1,106,10608,Tuek Thla,0
1,107,10701,Banteay Chhmar,0
1,107,10702,Kouk Romiet,0
1,107,10703,Phum Thmei,0
1,107,10704,Thma Puok,0
1,107,10705,Kouk Kakthen,0
1,107,10706,Kumru,0
1,108,10801,Phkoam,0
1,108,10802,Sarongk,0
1,108,10803,Sla Kram,0
1,108,10804,Svay Chek,0
1,108,10805,Ta Baen,0
1,108,10806,Ta Phou,0
1,108,10807,Treas,0
1,108,10808,Roluos,0
1,109,10901,Boeng Beng,0
1,109,10902,Malai,0
1,109,10903,Ou Sampoar,0
1,109,10904,Ou Sralau,0
1,109,10905,Tuol Pongro,0
1,109,10906,Ta Kong,0
1,110,11001,Nimitt,0
1,110,11002,Paoy Paet,0
2,201,20101,Kantueu Muoy,0
2,201,20102,Kantueu Pir,0
2,201,20103,Bay Damram,0
2,201,20104,Chheu Teal,0
2,201,20105,Chaeng Mean Chey,0
2,201,20106,Phnum Sampov,0
2,201,20107,Snoeng,0
2,201,20108,Ta Kream,0
2,202,20201,Ta Pung,1
2,202,20202,Ta Meun,1
2,202,20203,Ou Ta Ki,1
2,202,20204,Chrey,1
2,202,20205,Anlong Run,0
2,202,20206,Chrouy Sdau,1
2,202,20207,Boeng Pring,1
2,202,20208,Kouk Khmum,1
2,202,20209,Bansay Traeng,1
2,202,20210,Rung Chrey,1
2,203,20301,Tuol Ta Ek,0
2,203,20302,Prek Preah Sdach,1
2,203,20303,Rottanak,1
2,203,20304,Chomkar Somraong,0
2,203,20305,Sla Ket,1
2,203,20306,Kdol Doun Teav,1
2,203,20307,OMal,1
2,203,20308,wat Kor,1
2,203,20309,Ou Char,1
2,203,20310,Svay Por,0
2,204,20401,Bavel,1
2,204,20402,Khnach Romeas,1
2,204,20403,Lvea,0
2,204,20404,Prey Khpos,1
2,204,20405,Ampil Pram Daeum,0
2,204,20406,Kdol Ta Haen,0
2,205,20501,Preaek Norint,0
2,205,20502,Samraong Knong,0
2,205,20503,Preaek Khpob,0
2,205,20504,Preaek Luong,0
2,205,20505,Peam Aek,0
2,205,20506,Prey Chas,0
2,205,20507,Kaoh Chiveang,0
2,206,20601,Moung,1
2,206,20602,Kear,0
2,206,20603,Prey Svay,0
2,206,20604,Ruessei Krang,0
2,206,20605,Chrey,1
2,206,20606,Ta Loas,0
2,206,20607,Kakaoh,0
2,206,20608,Prey Touch,0
2,206,20609,Robas Mongkol,0
2,207,20701,Sdau,0
2,207,20702,Andaeuk Haeb,0
2,207,20703,Phlov Meas,0
2,207,20704,Traeng,0
2,208,20801,Anlong Vil,0
2,208,20802,Norea,0
2,208,20803,Ta Pon,0
2,208,20804,Roka,0
2,208,20805,Kampong Preah,1
2,208,20806,Kampong Prieng,1
2,208,20807,Reang Kesei,0
2,208,20808,Ou Dambang Muoy,1
2,208,20809,Ou Dambang Pir,1
2,208,20810,Vaot Ta Muem,1
2,209,20901,Ta Taok,0
2,209,20902,Kampong Lpov,0
2,209,20903,Ou Samril,0
2,209,20904,Sung,0
2,209,20905,Samlout,0
2,209,20906,Mean Chey,0
2,209,20907,Ta Sanh,0
2,210,21001,Sampov Lun,0
2,210,21002,Angkor Ban,0
2,210,21003,Ta Sda,0
2,210,21004,Santepheap,0
2,210,21005,Serei Mean Chey,0
2,210,21006,Chrey Seima,0
2,211,21101,Phnum Proek,0
2,211,21102,Pech Chenda,0
2,211,21103,Bour,0
2,211,21104,Barang Thleak,0
2,211,21105,Ou Rumduol,0
2,212,21201,Kamrieng,0
2,212,21202,Boeng Reang,0
2,212,21203,Ou Da,0
2,212,21204,Trang,0
2,212,21205,Ta Saen,0
2,212,21206,Ta Krei,0
2,213,21301,Thipakdei,0
2,213,21302,Kaos Krala,0
2,213,21303,Hab,0
2,213,21304,Preah Phos,0
2,213,21305,Doun Ba,0
2,213,21306,Chhnal Moan,0
2,214,21401,Preaek Chik,0
2,214,21402,Prey Tralach,0
3,301,30101,Batheay,1
3,301,30102,Chbar Ampov,1
3,301,30103,Chealea,1
3,301,30104,Cheung Prey,1
3,301,30105,Me Pring,1
3,301,30106,Ph'av,1
3,301,30107,Sambour,1
3,301,30108,Sandaek,1
3,301,30109,Tang Krang,1
3,301,30110,Tang Krasang,1
3,301,30111,Trab,1
3,301,30112,Tumnob,1
3,302,30201,Bos Khnor,0
3,302,30202,Chamkar Andoung,0
3,302,30203,Cheyyou,0
3,302,30204,Lvea Leu,0
3,302,30205,Spueu,0
3,302,30206,Svay Teab,0
3,302,30207,Ta Ong,0
3,302,30208,Ta Prok,0
3,303,30301,Khnor Dambang,0
3,303,30302,Kouk Rovieng,0
3,303,30303,Pdau Chum,0
3,303,30304,Prey Char,0
3,303,30305,Pring Chrum,1
3,303,30306,Sampong Chey,1
3,303,30307,Sdaeung Chey,1
3,303,30308,Soutib,0
3,303,30309,Sramar,1
3,303,30310,Trapeang Kor,1
3,304,30401,Chong Cheach,0
3,304,30402,Dambae,0
3,304,30403,Kouk Srok,0
3,304,30404,Neang Teut,0
3,304,30405,Seda,0
3,304,30406,Tuek Chrov,0
3,304,30407,Trapeang Pring,0
3,305,30501,Boeng Kok,0
3,305,30502,Kampong Cham,0
3,305,30503,Sambuor Meas,0
3,305,30504,Veal Vong,0
3,306,30601,Ampil,1
3,306,30602,Hanchey,0
3,306,30603,Kien Chrey,0
3,306,30604,Kokor,0
3,306,30605,Kaoh Mitt,0
3,306,30606,Kaoh Roka,0
3,306,30607,Kaoh Samraong,0
3,306,30608,Kaoh Tontuem,0
3,306,30609,Krala,1
3,306,30610,Ou Svay,1
3,306,30611,Ro'ang,0
3,306,30612,Rumchek,0
3,306,30613,Srak,0
3,306,30614,Trean,0
3,306,30615,Vihear Thum,1
3,307,30701,Angkor Ban,0
3,307,30702,Kang Ta Noeng,0
3,307,30703,Khchau,0
3,307,30704,Peam Chi Kang,0
3,307,30705,Preaek Koy,0
3,307,30706,Preaek Krabau,0
3,307,30707,Reay Pay,0
3,307,30708,Roka Ar,0
3,307,30709,Roka Koy,0
3,307,30710,Sdau,0
3,307,30711,Sour Kong,0
3,308,30801,Kampong Reab,0
3,308,30802,Kaoh Sotin,0
3,308,30803,Lve,0
3,308,30804,Moha Leaph,0
3,308,30805,Moha Khnhoung,0
3,308,30806,Peam Prathnuoh,0
3,308,30807,Pongro,0
3,308,30808,Preaek Ta Nong,0
3,309,30901,Chhuk,0
3,309,30902,Chumnik,0
3,309,30903,Kampong Treas,0
3,309,30904,Kaoh Pir,0
3,309,30905,Krouch Chhmar,0
3,309,30906,Peus Muoy,0
3,309,30907,Peus Pir,0
3,309,30908,Preaek A chi,0
3,309,30909,Roka Khnor,0
3,309,30910,Svay Khleang,0
3,309,30911,Trea,0
3,309,30912,Tuol Snuol,0
3,310,31001,Chan Mul,0
3,310,31002,Choam,0
3,310,31003,Choam Kravien,0
3,310,31004,Choam Ta Mau,0
3,310,31005,Dar,0
3,310,31006,Kampoan,0
3,310,31007,Memong,0
3,310,31008,Memot,0
3,310,31010,Rung,0
3,310,31011,Rumchek,0
3,310,31013,Tramung,0
3,310,31014,Tonlung,0
3,310,31015,Triek,0
3,310,31016,Kokir,0
3,311,31101,Ampil Ta Pok,0
3,311,31102,Chak,1
3,311,31103,Damril,1
3,311,31104,Kong Chey,1
3,311,31105,Mien,0
3,311,31107,Preah Theat,0
3,311,31108,Tuol Souphi,1
3,312,31202,Dountei,0
3,312,31203,Kak,0
3,312,31204,Kandaol Chrum,0
3,312,31205,Kaong Kang,0
3,312,31206,Kraek,0
3,312,31207,Popel,0
3,312,31208,Trapeang Phlong,0
3,312,31209,Veal Mlu,0
3,313,31301,Baray,1
3,313,31302,Boeng Nay,1
3,313,31303,Chrey Vien,1
3,313,31304,Khvet Thum,1
3,313,31305,Kor,1
3,313,31306,Krouch,1
3,313,31307,Lvea,1
3,313,31308,Mien,1
3,313,31309,Prey Chhor,1
3,313,31310,Sour Saen,1
3,313,31311,Samraong,1
3,313,31312,Sragnae,1
3,313,31313,Thma Pun,1
3,313,31314,Tong Rong,1
3,313,31315,Trapeang Preah,1
3,314,31401,Baray,0
3,314,31402,Chi Bal,0
3,314,31403,Khnar Sa,0
3,314,31404,Kaoh Andaet,0
3,314,31405,Mean Chey,0
3,314,31406,Phteah Kandal,0
3,314,31407,Pram Yam,0
3,314,31408,Preaek Dambouk,0
3,314,31409,Preaek Pou,0
3,314,31410,Preaek Rumdeng,0
3,314,31411,Ruessei Srok,0
3,314,31412,Svay Pou,0
3,314,31413,Svay Khsach Phnum,0
3,314,31414,Tong Tralach,0
3,315,31501,Areaks Tnot,0
3,315,31503,Dang Kdar,0
3,315,31504,Khpob Ta Nguon,0
3,315,31505,Me Sar Chrey,0
3,315,31506,Ou Mlu,0
3,315,31507,Peam Kaoh Snar,0
3,315,31508,Preah Andoung,0
3,315,31509,Preaek Bak,0
3,315,31510,Preak Kak,0
3,315,31512,Soupheas,0
3,315,31513,Tuol Preah Khleang,0
3,315,31514,Tuol Sambuor,0
3,316,31601,Anhchaeum,0
3,316,31602,Boeng Pruol,0
3,316,31604,Chikor,0
3,316,31605,Chirou Ti Muoy,0
3,316,31606,Chirou Ti Pir,0
3,316,31608,Chob,0
3,316,31612,Kor,0
3,316,31613,Lngieng,0
3,316,31614,Mong Riev,0
3,316,31615,Peam Chileang,0
3,316,31616,Roka Po Pram,0
3,316,31618,Sralab,0
3,316,31621,Thma Pech,0
3,316,31622,Tonle Bet,0
3,317,31701,Suong,0
3,317,31702,Vihear Luong,0
4,401,40101,Anhchanh Rung,0
4,401,40102,Chhnok Tru,0
4,401,40103,Chak,0
4,401,40104,Khon Rang,1
4,401,40105,Kampong Preah Kokir,0
4,401,40106,Melum,0
4,401,40107,Phsar,0
4,401,40108,Pech Changvar,1
4,401,40109,Popel,1
4,401,40110,Ponley,0
4,401,40111,Trapeang Chan,0
4,402,40201,Chol Sar,0
4,402,40202,Kaoh Thkov,0
4,402,40203,Kampong Ous,0
4,402,40204,Peam Chhkaok,0
4,402,40205,Prey Kri,0
4,403,40301,Phsar Chhnang,0
4,403,40302,Kampong Chhnang,0
4,403,40303,B'er,0
4,403,40304,Khsam,0
4,404,40401,Chranouk,0
4,404,40402,Dar,0
4,404,40403,Kampong Hau,0
4,404,40404,Phlov Tuk,0
4,404,40405,Pou,0
4,404,40406,Pralay Meas,0
4,404,40407,Samraong Saen,0
4,404,40408,Svay Rumpear,0
4,404,40409,Trangel,0
4,405,40501,Ampil Tuek,0
4,405,40502,Chhuk Sa,0
4,405,40503,Chres,0
4,405,40504,Kampong Tralach,0
4,405,40505,Longveaek,0
4,405,40506,Ou Ruessei,0
4,405,40507,Peani,0
4,405,40508,Saeb,0
4,405,40509,Ta Ches,0
4,405,40510,Thma Edth,0
4,406,40601,Andoung Snay,0
4,406,40602,Banteay Preal,0
4,406,40603,Cheung Kreav,1
4,406,40604,Chrey Bak,1
4,406,40605,Kouk Banteay,0
4,406,40606,Krang Leav,0
4,406,40607,Pongro,0
4,406,40608,Prasnoeb,0
4,406,40609,Prey Mul,0
4,406,40610,Rolea B'ier,1
4,406,40611,Srae Thmei,1
4,406,40612,Svay Chrum,0
4,406,40613,Tuek Hout,1
4,407,40701,Chhean Laeung,0
4,407,40702,Khnar Chhmar,0
4,407,40703,Krang Lvea,0
4,407,40704,Peam,0
4,407,40705,Sedthei,0
4,407,40706,Svay,0
4,407,40707,Svay Chuk,0
4,407,40708,Tbaeng Khpos,0
4,407,40709,Thlok Vien,0
4,408,40801,Akphivoadth,0
4,408,40802,Chieb,0
4,408,40803,Chaong Maong,0
4,408,40804,Kbal Tuek,0
4,408,40805,Khlong Popok,0
4,408,40806,Krang Skear,0
4,408,40807,Tang Krasang,0
4,408,40808,Tuol Khpos,0
5,501,50101,Basedth,0
5,501,50102,Kat Phluk,0
5,501,50103,Nitean,0
5,501,50104,Pheakdei,0
5,501,50105,Pheari Mean Chey,0
5,501,50106,Phong,0
5,501,50107,Pou Angkrang,0
5,501,50108,Pou Chamraeun,0
5,501,50109,Pou Mreal,0
5,501,50110,Svay Chacheb,0
5,501,50111,Tuol Ampil,0
5,501,50112,Tuol Sala,0
5,501,50113,Kak,0
5,501,50114,Svay Rumpear,0
5,501,50115,Preah Khae,0
5,502,50201,Chbar Mon,1
5,502,50202,Kandaol Dom,1
5,502,50203,Rokar Thum,1
5,502,50204,Sopoar Tep,1
5,502,50205,Svay Kravan,1
5,503,50301,Angk Popel,0
5,503,50302,Chongruk,0
5,503,50303,Moha Ruessei,0
5,503,50304,Pechr Muni,0
5,503,50305,Preah Nipean,0
5,503,50306,Prey Nheat,0
5,503,50307,Prey Vihear,0
5,503,50308,Roka Kaoh,0
5,503,50309,Sdok,0
5,503,50310,Snam Krapeu,0
5,503,50311,Srang,0
5,503,50312,Tuek L'ak,0
5,503,50313,Veal,0
5,504,50401,Haong Samnam,0
5,504,50402,Reaksmei Sameakki,0
5,504,50403,Trapeang Chour,0
5,504,50404,Sangkae Satob,0
5,504,50405,Ta Sal,0
5,505,50501,Chan Saen,0
5,505,50502,Cheung Roas,0
5,505,50503,Chumpu Proeks,0
5,505,50504,Khsem Khsant,0
5,505,50505,Krang Chek,0
5,505,50506,Mean Chey,0
5,505,50507,Preah Srae,0
5,505,50508,Prey Krasang,0
5,505,50509,Trach Tong,0
5,505,50510,Veal Pong,0
5,505,50511,Veang Chas,0
5,505,50512,Yutth Sameakki,0
5,505,50513,Damnak Reang,0
5,505,50514,Peang Lvea,0
5,505,50515,Phnom Touch,1
5,506,50601,Chambak,0
5,506,50602,Choam Sangkae,0
5,506,50603,Dambouk Rung,0
5,506,50604,Kiri Voan,0
5,506,50605,Krang Dei Vay,0
5,506,50606,Moha Sang,0
5,506,50607,Ou,0
5,506,50608,Prey Rumduol,0
5,506,50609,Prey Kmeng,0
5,506,50610,Tang Samraong,0
5,506,50611,Tang Sya,0
5,506,50613,Traeng Trayueng,0
5,507,50701,Roleang Chak,1
5,507,50702,Kahaeng,1
5,507,50703,Khtum Krang,0
5,507,50704,Krang Ampil,0
5,507,50705,Pneay,1
5,507,50706,Roleang Kreul,1
5,507,50707,Samrong Tong,1
5,507,50708,Sambour,1
5,507,50709,Saen Dei,0
5,507,50710,Skuh,1
5,507,50711,Tang Krouch,0
5,507,50712,Thummoda Ar,1
5,507,50713,Trapeang Kong,1
5,507,50714,Tumpoar Meas,0
5,507,50715,Voa Sar,0
5,508,50801,Amleang,0
5,508,50802,Monourom,0
5,508,50804,Prambei Mum,0
5,508,50805,Rung Roeang,0
5,508,50806,Toap Mean,0
5,508,50807,Veal Pon,0
5,508,50808,Yea Angk,0
6,601,60101,Bak Sna,0
6,601,60102,Ballangk,0
6,601,60103,Baray,1
6,601,60104,Boeng,0
6,601,60105,Chaeung Daeung,0
6,601,60106,Chraneang,0
6,601,60107,Chhuk Khsach,1
6,601,60108,Chong Doung,0
6,601,60109,Chrolong,0
6,601,60110,Kokir Thum,0
6,601,60111,Krava,0
6,601,60112,Andoung Pou,0
6,601,60113,Pongro,0
6,601,60114,Sou Young,0
6,601,60115,Sralau,0
6,601,60116,Svay Phleung,0
6,601,60117,Tnaot Chum,0
6,601,60118,Triel,0
6,602,60201,Chey,0
6,602,60202,Damrei Slab,0
6,602,60203,Kampong Kou,0
6,602,60204,Kampong Svay,1
6,602,60205,Nipech,0
6,602,60206,Phat Sanday,0
6,602,60207,San Kor,0
6,602,60208,Tbaeng,0
6,602,60209,Trapeang Ruessei,1
6,602,60210,Kdei Doung,0
6,602,60211,Prey Kuy,0
6,603,60301,Damrei Choan Khla,1
6,603,60302,Kampong Thum,1
6,603,60303,Kampong Roteh,1
6,603,60304,Ou Kanthor,1
6,603,60306,Kampong Krabau,1
6,603,60308,Prey Ta Hu,1
6,603,60309,Achar Leak,1
6,603,60310,Srayov,1
6,604,60401,Doung,0
6,604,60402,Kraya,0
6,604,60403,Phan Nheum,0
6,604,60404,Sakream,0
6,604,60405,Sala Visai,0
6,604,60406,Sameakki,0
6,604,60407,Tuol Kreul,0
6,605,60501,Chhuk,0
6,605,60502,Koul,0
6,605,60503,Sambour,0
6,605,60504,Sraeung,0
6,605,60505,Tang Krasau,0
6,606,60601,Chheu Teal,0
6,606,60602,Dang Kambet,0
6,606,60603,Klaeng,0
6,606,60604,Mean Rith,0
6,606,60605,Mean Chey,0
6,606,60606,Ngan,0
6,606,60607,Sandan,0
6,606,60608,Sochet,0
6,606,60609,Tum Ring,0
6,607,60701,Boeng Lvea,1
6,607,60702,Chroab,1
6,607,60703,Kampong Thma,1
6,607,60704,Kakaoh,0
6,607,60705,Kraya,0
6,607,60706,Pnov,0
6,607,60707,Prasat,1
6,607,60708,Tang Krasang,1
6,607,60709,Ti Pou,1
6,607,60710,Tboung Krapeu,0
6,608,60801,Banteay Stoung,0
6,608,60802,Chamna Kraom,1
6,608,60803,Chamna Leu,1
6,608,60804,Kampong Chen Cheung,1
6,608,60805,Kampong Chen Tboung,1
6,608,60806,Msa Krang,0
6,608,60807,Peam Bang,0
6,608,60808,Popok,0
6,608,60809,Pralay,0
6,608,60810,Preah Damrei,0
6,608,60811,Rung Roeang,0
6,608,60812,Samprouch,1
6,608,60813,Trea,0
7,701,70101,Angk Phnum Touch,1
7,701,70102,Ankor Chey,1
7,701,70103,Champei,1
7,701,70104,Dambouk Khpos,1
7,701,70105,Dan Koum,1
7,701,70106,Daeum Doung,1
7,701,70107,Mroum,1
7,701,70108,Phnum Kong,1
7,701,70109,Praphnum,1
7,701,70110,Samlanh,1
7,701,70111,Tani,1
7,702,70201,Banteay Meas Khang Kaeut,0
7,702,70202,Banteay Meas Khang lech,0
7,702,70203,Prey Tonle,0
7,702,70204,Samraong Kraom,1
7,702,70205,Samraong Leu,1
7,702,70206,Sdach Kong Khang Cheung,1
7,702,70207,Sdach Kong Khang lech,1
7,702,70208,Sdach Kong Khang Tboung,1
7,702,70209,Tnoat Chong Srang,0
7,702,70210,Trapeang Sala Khang Kaeut,1
7,702,70211,Trapeang Sala Khang Lech,1
7,702,70212,Tuk Meas Khang Kaeut,0
7,702,70213,Tuk Meas Khang Lech,0
7,702,70214,Voat Angk Khang Cheung,1
7,702,70215,Voat Angk Khang Tboung,1
7,703,70301,Baniev,1
7,703,70302,Takaen,0
7,703,70303,Boeng Nimol,0
7,703,70304,Chhuk,0
7,703,70305,Doun Yay,1
7,703,70306,Krang Sbov,1
7,703,70307,Krang Snay,1
7,703,70308,Lbaeuk,0
7,703,70309,Trapeang Phleang,0
7,703,70310,Mean Chey,1
7,703,70311,Neareay,0
7,703,70312,Satv Pong,0
7,703,70313,Trapeang Bei,0
7,703,70314,Tramaeng,1
7,704,70401,Chres,1
7,704,70402,Chumpu Voan,1
7,704,70403,Snay Anhchit,1
7,704,70404,Srae Chaeng,0
7,704,70405,Srae Knong,1
7,704,70406,Srae Samraong,1
7,704,70407,Trapeang Reang,1
7,705,70501,Damnak Sokram,1
7,705,70502,Dang Tong,1
7,705,70503,Khcheay Khang Cheung,0
7,705,70504,Khcheay Khang Tboung,0
7,705,70505,Mean Ritth,0
7,705,70506,Srae Chea Khang Cheung,0
7,705,70507,Srae Chea Khang Tboung,0
7,705,70508,Totung,0
7,705,70509,Angk  Romeas,0
7,705,70510,L'ang,0
7,706,70601,Boeng Sala Khang Cheung,1
7,706,70602,Boeng Sala Khang Tboung,1
7,706,70603,Damnak Kantuot Khang Cheung,1
7,706,70604,Damnak Kantuot Khang Tboung,1
7,706,70605,Kampong Trach Khang Kaeut,1
7,706,70606,Kampong Trach Khang Lech,1
7,706,70607,Prasat Phnom Khyang,1
7,706,70608,Phnom Prasat,1
7,706,70609,Ang Sophy,1
7,706,70612,Preaek Kroes,1
7,706,70613,Ruessei Srok Khang Kaeut,1
7,706,70614,Ruessei Srok Khang Lech,1
7,706,70615,Svay Tong Khang Cheung,1
7,706,70616,Svay Tong Khang Tboung,1
7,707,70701,Boeng Tuk,0
7,707,70702,Chum Kriel,0
7,707,70703,Kampong Kraeng,0
7,707,70704,Kampong Samraong,0
7,707,70705,Kandaol,0
7,707,70707,Kaoh Touch,0
7,707,70708,Koun Satv,0
7,707,70709,Makprang,0
7,707,70711,Preaek Tnoat,0
7,707,70712,Prey Khmum,0
7,707,70713,Prey Thnang,0
7,707,70715,Stueng Kaev,0
7,707,70716,Thmei,0
7,707,70717,Trapeang Pring,0
7,707,70718,Trapeang Sangkae,0
7,707,70719,Trapeang Thum,0
7,708,70801,Kampong Kandal,0
7,708,70802,Krang Ampil,0
7,708,70803,Kampong Bay,0
7,708,70804,Andoung Khmer,0
7,708,70805,Traeuy Kaoh,0
8,801,80101,Ampov Prey,1
8,801,80102,Anlong Romiet,1
8,801,80103,Barku,1
8,801,80104,Boeng Khyang,1
8,801,80105,Cheung Kaeub,1
8,801,80106,Daeum Rues,1
8,801,80107,Kandaok,1
8,801,80108,Thmei,1
8,801,80109,Kouk Trab,1
8,801,80113,Preah Putth,1
8,801,80115,Preaek Roka,1
8,801,80116,Preaek Slaeng,1
8,801,80117,Roka,1
8,801,80118,Roleang Kaen,1
8,801,80122,Siem Reab,1
8,801,80125,Tbaeng,1
8,801,80127,Trapeang Veaeng,1
8,801,80128,Trea,1
8,802,80201,Banteay Daek,0
8,802,80202,Chheu Teal,0
8,802,80203,Dei Edth,0
8,802,80204,Kampong Svay,0
8,802,80206,Kokir,0
8,802,80207,Kokir Thum,0
8,802,80208,Phum Thum,0
8,802,80211,Samraong Thum,0
8,803,80301,Bak Dav,0
8,803,80302,Chey Thum,0
8,803,80303,Kampong Chamlang,0
8,803,80304,Kaoh Chouram,0
8,803,80305,Kaoh Oknha Tei,0
8,803,80306,Preah Prasab,0
8,803,80307,Preaek Ampil,0
8,803,80308,Preaek Luong,0
8,803,80309,Preaek Ta kov,0
8,803,80310,Preaek Ta Meak,0
8,803,80311,Puk Ruessei,0
8,803,80312,Roka Chonlueng,0
8,803,80313,Sanlung,0
8,803,80314,Sithor,0
8,803,80315,Svay Chrum,0
8,803,80316,Svay Romiet,0
8,803,80317,Ta Aek,0
8,803,80318,Vihear Suork,0
8,804,80401,Chheu Kmau,0
8,804,80402,Chrouy Ta Kaev,0
8,804,80403,Kampong Kong,0
8,804,80404,Kaoh Thum Ka,0
8,804,80405,Kaoh Thum Kha,0
8,804,80407,Leuk Daek,0
8,804,80408,Pouthi Ban,0
8,804,80409,Prea?ek Chrey,0
8,804,80410,Preaek Sdei,0
8,804,80411,Preaek Thmei,0
8,804,80412,Sampeou Poun,0
8,805,80501,Kampong Phnum,0
8,805,80502,K'am Samnar,0
8,805,80503,Khpob Ateav,0
8,805,80504,Peam Reang,0
8,805,80505,Preaek Dach,0
8,805,80506,Preaek Tonloab,0
8,805,80507,Sandar,0
8,806,80601,Akreiy Ksatr,0
8,806,80602,Barong,0
8,806,80603,Boeng Krum,0
8,806,80604,Kaoh Kaev,0
8,806,80605,Kaoh Reah,0
8,806,80606,Lvea Sar,0
8,806,80607,Peam Oknha Ong,0
8,806,80608,Phum Thum,0
8,806,80609,Preaek Kmeng,0
8,806,80610,Preaek Rey,0
8,806,80611,Preaek Ruessei,0
8,806,80612,Sambuor,0
8,806,80613,Sarikakaev,0
8,806,80614,Thma Kor,0
8,806,80615,Tuek Khleang,0
8,807,80703,Preaek Anhchanh,0
8,807,80704,Preaek Dambang,0
8,807,80707,Roka Kong Ti Muoy,0
8,807,80708,Roka Kong Ti Pir,0
8,807,80709,Ruessei Chrouy,0
8,807,80710,Sambuor Meas,0
8,807,80711,Svay Ampear,0
8,808,80801,Baek Chan,1
8,808,80803,Chhak Chheu Neang,1
8,808,80804,Damnak Ampil,0
8,808,80807,Krang Mkak,0
8,808,80808,Lumhach,0
8,808,80809,Mkak,0
8,808,80811,Peuk,0
8,808,80813,Prey Puoch,0
8,808,80814,Samraong Leu,1
8,808,80816,Tuol Prech,0
8,809,80901,Chhveang,0
8,809,80902,Chrey Loas,0
8,809,80903,Kampong Luong,0
8,809,80904,Kampong Os,0
8,809,80905,Kaoh Chen,0
8,809,80906,Phnum Bat,0
8,809,80907,Ponhea Lueu,0
8,809,80910,Preaek Ta Teaen,0
8,809,80911,Phsar Daek,0
8,809,80913,Tumnob Thum,0
8,809,80914,Vihear Luong,0
8,810,81001,Khpob,0
8,810,81002,Kaoh Anlong Chen,0
8,810,81003,Kaoh Khael,0
8,810,81004,Kaoh Khsach Tonlea,0
8,810,81005,Krang Yov,1
8,810,81006,Prasat,0
8,810,81007,Preaek Ambel,0
8,810,81008,Preaek Koy,1
8,810,81009,Roka Khpos,1
8,810,81010,S'ang Phnum,1
8,810,81011,Setbou,1
8,810,81012,Svay Prateal,0
8,810,81013,Svay Rolum,1
8,810,81014,Ta Lon,0
8,810,81015,Traeuy Sla,0
8,810,81016,Tuek Vil,0
8,811,81101,Ta Kdol,0
8,811,81102,Prek Ruessey,0
8,811,81103,Doeum Mien,0
8,811,81104,Ta Khmao,0
8,811,81105,Prek Ho,0
8,811,81106,Kampong Samnanh,1
9,901,90101,Andoung Tuek,0
9,901,90102,Kandaol,0
9,901,90103,Ta Noun,0
9,901,90104,Thma Sa,0
9,902,90201,Kaoh Sdach,0
9,902,90202,Phnhi Meas,0
9,902,90203,Preaek Khsach,0
9,903,90301,Chrouy Pras,0
9,903,90302,Kaoh Kapi,0
9,903,90303,Ta Tai Kraom,0
9,903,90304,Trapeang Rung,0
9,904,90401,Smach Mean Chey,0
9,904,90402,Dang Tong,0
9,904,90403,Stueng Veaeng,0
9,905,90501,Pak Khlang,0
9,905,90502,Peam Krasaob,0
9,905,90503,Tuol Kokir,0
9,906,90601,Boeng Preav,0
9,906,90602,Chi Kha Kraom,0
9,906,90603,Chi kha Leu,0
9,906,90604,Chrouy Svay,0
9,906,90605,Dang Peaeng,0
9,906,90606,Srae Ambel,0
9,907,90701,Ta Tey Leu,0
9,907,90702,Pralay,0
9,907,90703,Chumnoab,0
9,907,90704,Ruessei Chrum,0
9,907,90705,Chi Phat,0
9,907,90706,Thma Doun Pov,0
10,1001,100101,Chhloung,0
10,1001,100102,Damrei Phong,0
10,1001,100103,Han Chey,0
10,1001,100104,Kampong Damrei,0
10,1001,100105,Kanhchor,0
10,1001,100106,Khsach Andeth,0
10,1001,100107,Pongro,0
10,1001,100108,Preaek Saman,0
10,1002,100207,Kaoh Trong,0
10,1002,100208,Krakor,0
10,1002,100209,Kracheh,0
10,1002,100210,Ou Ruessei,0
10,1002,100211,Roka Kandal,0
10,1003,100301,Chamb��_k,0
10,1003,100302,Chrouy Banteay,0
10,1003,100303,Kampong Kor,0
10,1003,100304,Koh Ta Suy,0
10,1003,100305,Preaek Prasab,0
10,1003,100306,Russey Keo,0
10,1003,100307,Saob,0
10,1003,100308,Ta Mao,0
10,1004,100401,Boeng Char,0
10,1004,100402,Kampong Cham,0
10,1004,100403,Kbal Damrei,0
10,1004,100404,Kaoh Khnhaer,0
10,1004,100405,Ou Krieng,0
10,1004,100406,Roluos Mean Chey,0
10,1004,100407,Sambour,0
10,1004,100408,Sandan,0
10,1004,100409,Srae Chis,0
10,1004,100410,Voadthonak,0
10,1005,100501,Khsuem,0
10,1005,100502,Pir Thnu,0
10,1005,100503,Snuol,0
10,1005,100504,Srae Char,0
10,1005,100505,Svay Chreah,0
10,1006,100601,Bos Leav,0
10,1006,100602,Changkrang,0
10,1006,100603,Dar,0
10,1006,100604,Kantuot,0
10,1006,100605,Kou Loab,0
10,1006,100606,Kaoh Chraeng,0
10,1006,100607,Sambok,0
10,1006,100608,Thma Andaeuk,0
10,1006,100609,Thma Kreae,0
10,1006,100610,Thmei,0
11,1101,110101,Chong Phlah,0
11,1101,110102,Memang,0
11,1101,110103,Srae Chhuk,0
11,1101,110104,Srae Khtum,0
11,1101,110105,Srae Preah,1
11,1102,110201,Nang Khi Lik,0
11,1102,110202,A Buon Leu,0
11,1102,110203,Roya,0
11,1102,110204,Sokh Sant,0
11,1102,110205,Srae Huy,0
11,1102,110206,Srae Sangkum,0
11,1103,110301,Dak Dam,0
11,1103,110302,Saen Monourom,0
11,1104,110401,Krang Teh,0
11,1104,110402,Pu Chrey,0
11,1104,110403,Srae Ampum,0
11,1104,110404,Bu Sra,0
11,1105,110501,Monourom,0
11,1105,110502,Sokh Dom,0
11,1105,110503,Spean Mean Chey,0
11,1105,110504,Romonea,0
12,1201,120101,Tonle Basak,1
12,1201,120102,Boeng Keng Kang Ti Muoy,1
12,1201,120103,Boeng Keng Kang Ti Pir,1
12,1201,120104,Boeng Keng Kang Ti Bei,1
12,1201,120105,Olympic,1
12,1201,120106,Tuol Svay Prey Ti Muoy,1
12,1201,120107,Tuol Svay Prey Ti Pir,1
12,1201,120108,Tumnob Tuek,1
12,1201,120109,Tuol Tumpung Ti Pir,1
12,1201,120110,Tuol Tumpung Ti Muoy,1
12,1201,120111,Boeng Trabaek,1
12,1201,120112,Phsar Daeum Thkov,1
12,1202,120201,Phsar Thmei Ti Muoy,1
12,1202,120202,Phsar Thmei Ti Pir,1
12,1202,120203,Phsar Thmei Ti Bei,1
12,1202,120204,Boeng Reang,1
12,1202,120205,Phsar Kandal Ti Muoy,1
12,1202,120206,Phsar Kandal Ti Pir,1
12,1202,120207,Chakto Mukh,1
12,1202,120208,Chey Chummeah,1
12,1202,120209,Phsar Chas,1
12,1202,120210,Srah Chak,1
12,1202,120211,Voat Phnum,1
12,1203,120301,Ou Ruessei Ti Muoy,0
12,1203,120302,Ou Ruessei Ti Pir,0
12,1203,120303,Ou Ruessei Ti Bei,0
12,1203,120304,Ou Ruessei Ti Buon,0
12,1203,120305,Monourom,0
12,1203,120306,Mittapheap,0
12,1203,120307,Veal Vong,0
12,1203,120308,Boeng Proluet,0
12,1204,120401,Phsar Depou Ti Muoy,1
12,1204,120402,Phsar Depou Ti Pir,1
12,1204,120403,Phsar Depou Ti Bei,1
12,1204,120404,Tuek L'ak Ti Muoy,1
12,1204,120405,Tuek L'ak Ti Pir,1
12,1204,120406,Tuek L'ak Ti Bei,1
12,1204,120407,Boeng Kak Ti Muoy,1
12,1204,120408,Boeng Kak Ti Pir,1
12,1204,120409,Phsar Daeum Kor,1
12,1204,120410,Boeng Salang,1
12,1205,120501,Dangkao,0
12,1205,120507,Pong Tuek,1
12,1205,120508,Prey Veaeng,0
12,1205,120510,Prey Sa,1
12,1205,120512,Krang Pongro,0
12,1205,120513,Prateah Lang,0
12,1205,120514,Sak Sampov,0
12,1205,120515,Cheung Aek,0
12,1205,120516,Kong Noy,1
12,1205,120517,Preaek Kampues,0
12,1205,120518,Roluos,1
12,1205,120519,Spean Thma,1
12,1205,120520,Tien,1
12,1206,120601,Stueng Mean chey,1
12,1206,120602,Boeng Tumpun,1
12,1206,120603,Preaek Pra,0
12,1206,120604,Chhbar Ampov Ti Muoy,1
12,1206,120605,Chbar Ampov Ti Pir,0
12,1206,120606,Chak Angrae Leu,0
12,1206,120607,Chak Angrae Kraom,0
12,1206,120608,Nirouth,0
12,1206,120609,Kbal Kaoh,0
12,1206,120610,Preaek Aeng,0
12,1206,120611,Preaek Thmei,0
12,1206,120612,Veal Sbov,0
12,1207,120702,Tuol Sangke,1
12,1207,120703,Svay Pak,0
12,1207,120704,Kilomaetr Lekh Prammuoy,0
12,1207,120706,Ruessei Kaev,0
12,1207,120708,Preaek Lieb,0
12,1207,120709,Preaek Ta Sek,0
12,1207,120710,Chrouy Changvar,0
12,1207,120711,Chrang Chamreh Ti Muoy,0
12,1207,120712,Chrang Chamreh Ti Pir,0
12,1207,120713,Bak Kaeng,0
12,1207,120714,Kaoh Dach,0
12,1208,120801,Phnom Penh Thmei,1
12,1208,120802,Tuek Thla,1
12,1208,120803,Khmuonh,1
12,1208,120804,Ponhea Pon,0
12,1208,120805,Preaek Phnov,0
12,1208,120806,Samraong,0
12,1209,120901,Trapeang Krasang,0
12,1209,120902,Kouk Roka,1
12,1209,120903,Phleung Chheh Roteh,0
12,1209,120904,Chaom Chau,1
12,1209,120905,Kakab,1
12,1209,120906,Samraong Kraom,1
12,1209,120907,Krang Thnong,1
12,1209,120908,Boeng Thum,1
12,1209,120909,Kamboul,1
12,1209,120910,Kantaok,1
12,1209,120911,Ovlaok,1
12,1209,120912,Ponsang,0
12,1209,120913,Snaor,1
13,1301,130101,S'ang,0
13,1301,130102,Tasu,0
13,1301,130103,Khyang,0
13,1301,130104,Chrach,0
13,1301,130105,Thmea,0
13,1301,130106,Putrea,0
13,1302,130201,Chhaeb Muoy,0
13,1302,130202,Chhaeb Pir,0
13,1302,130203,Sangkae Muoy,0
13,1302,130204,Sangkae Pir,0
13,1302,130205,Mlu Prey Muoy,0
13,1302,130206,Mlu Prey Pir,0
13,1302,130207,Kampong Sralau Muoy,0
13,1302,130208,Kampong Sralau Pir,0
13,1303,130301,Choam Ksant,0
13,1303,130302,Tuek Kraham,0
13,1303,130303,Pring Thum,0
13,1303,130304,Rumdaoh Srae,0
13,1303,130305,Yeang,0
13,1303,130306,Kantuot,0
13,1304,130401,Kuleaen Tboung,0
13,1304,130402,Kuleaen Cheung,0
13,1304,130403,Thmei,0
13,1304,130404,Phnum Penh,0
13,1304,130405,Phnum Tbaeng Pir,0
13,1304,130406,Srayang,0
13,1305,130501,Robieb,0
13,1305,130502,Reaksmei,0
13,1305,130503,Rohas,0
13,1305,130504,Rung Roeang,0
13,1305,130505,Rik Reay,0
13,1305,130506,Ruos Roan,0
13,1305,130507,Rotanak,0
13,1305,130508,Rieb Roy,0
13,1305,130509,Reaksa,0
13,1305,130510,Rumdaoh,0
13,1305,130511,Romtum,0
13,1305,130512,Romoneiy,0
13,1306,130601,Chamraeun,0
13,1306,130602,Ro'ang,0
13,1306,130603,Phnum Tbaeng Muoy,0
13,1306,130604,Sdau,0
13,1306,130605,Ronak Ser,0
13,1307,130703,Chhean Mukh,0
13,1307,130704,Pou,0
13,1307,130705,Prame,0
13,1307,130706,Preah Khleang,0
13,1308,130801,Kampong Pranak,0
13,1308,130802,Pal Hal,0
14,1401,140101,Boeng Preah,1
14,1401,140102,Cheung Phnum,1
14,1401,140103,Chheu Kach,1
14,1401,140104,Reaks Chey,1
14,1401,140105,Roung Damrei,1
14,1401,140106,Sdau Kaong,1
14,1401,140107,Spueu Ka,1
14,1401,140108,Spueu Kha,1
14,1401,140109,Theay,1
14,1402,140201,Cheach,0
14,1402,140202,Doun Koeng,1
14,1402,140203,Kranhung,0
14,1402,140204,Krabau,0
14,1402,140205,Seang Khveang,1
14,1402,140206,Smaong Khang Cheung,1
14,1402,140207,Smaong Khang Tboung,0
14,1402,140208,Trabaek,1
14,1403,140301,Ansaong,1
14,1403,140302,Cham,0
14,1403,140303,Cheang Daek,0
14,1403,140304,Chrey,1
14,1403,140305,Kansoam Ak,1
14,1403,140306,Kou Khchak,1
14,1403,140307,Kampong Trabaek,0
14,1403,140308,Peam Montear,0
14,1403,140309,Prasat,0
14,1403,140310,Pratheat,1
14,1403,140311,Prey Chhor,1
14,1403,140312,Prey Poun,0
14,1403,140313,Thkov,1
14,1404,140401,Chong Ampil,0
14,1404,140402,Kanhchriech,0
14,1404,140403,Kdoeang Reay,0
14,1404,140404,Kouk Kong Kaeut,0
14,1404,140405,Kouk Kong Lech,0
14,1404,140406,Preal,0
14,1404,140407,Thma Pun,0
14,1404,140408,Tnaot,0
14,1405,140501,Angkor Sar,0
14,1405,140502,Chres,0
14,1405,140503,Chi Phoch,0
14,1405,140504,Prey Khnes,0
14,1405,140505,Prey Rumdeng,0
14,1405,140506,Prey Totueng,0
14,1405,140507,Svay Chrum,0
14,1405,140508,Trapeang Srae,0
14,1406,140601,Angkor Angk,0
14,1406,140602,Kampong Prasat,0
14,1406,140603,Kaoh Chek,0
14,1406,140604,Kaoh Roka,0
14,1406,140605,Kaoh Sampov,0
14,1406,140606,Krang Ta Yang,0
14,1406,140607,Preaek Krabau,0
14,1406,140608,Preaek Sambuor,0
14,1406,140609,Ruessei Srok,0
14,1406,140610,Svay Phluoh,0
14,1407,140701,Ba Baong,0
14,1407,140702,Banlich Prasat,0
14,1407,140703,Neak Loeang,0
14,1407,140704,Peam Mean Chey,0
14,1407,140705,Peam Ro,0
14,1407,140706,Preaek Khsay Ka,0
14,1407,140707,Preaek Khsay Kha,0
14,1407,140708,Prey Kandieng,0
14,1408,140801,Kampong Popil,0
14,1408,140802,Kanhcham,0
14,1408,140803,Kampong Prang,0
14,1408,140805,Mesar Prachan,0
14,1408,140807,Prey Pnov,0
14,1408,140808,Prey Sniet,0
14,1408,140809,Prey Sralet,0
14,1408,140810,Reab,0
14,1408,140811,Roka,0
14,1409,140901,Angkor Reach,1
14,1409,140902,Banteay Chakrei,1
14,1409,140903,Boeng Daol,1
14,1409,140904,Chey Kampok,1
14,1409,140905,Kampong Soeng,0
14,1409,140906,Krang Svay,1
14,1409,140907,Lvea,1
14,1409,140908,Preah Sdach,0
14,1409,140909,Reathor,0
14,1409,140910,Rumchek,1
14,1409,140911,Sena Reach Otdam,1
14,1410,141001,Baray,0
14,1410,141002,Cheung Tuek,0
14,1410,141003,Kampong Leav,0
14,1411,141101,Pou Rieng,0
14,1411,141102,Preaek Anteah,0
14,1411,141103,Preaek Chrey,0
14,1411,141104,Prey Kanlaong,0
14,1411,141105,Ta Kao,0
14,1411,141106,Kampong Ruessei,0
14,1411,141107,Preaek Ta Sar,0
14,1412,141201,Ampil Krau,0
14,1412,141202,Chrey Khmum,0
14,1412,141203,Lve,0
14,1412,141204,Pnov Ti Muoy,0
14,1412,141205,Pnov Ti Pir,0
14,1412,141206,Pou Ti,0
14,1412,141207,Preaek Changkran,0
14,1412,141208,Prey Daeum Thnoeng,0
14,1412,141209,Prey Tueng,0
14,1412,141210,Rumlech,0
14,1412,141211,Ruessei Sanh,0
14,1413,141301,Angkor Tret,1
14,1413,141302,Chea Khlang,1
14,1413,141303,Chrey,1
14,1413,141304,Damrei Puon,1
14,1413,141305,Me Bon,1
14,1413,141306,Pean Roung,1
14,1413,141307,Popueus,1
14,1413,141308,Prey Khla,1
14,1413,141309,Samraong,1
14,1413,141310,Svay Antor,1
14,1413,141311,Tuek Thla,1
15,1501,150101,Boeng Bat Kandaol,0
15,1501,150102,Boeng Khnar,0
15,1501,150103,Khnar Totueng,0
15,1501,150104,Me Tuek,0
15,1501,150105,Ou Ta Paong,0
15,1501,150106,Rumlech,0
15,1501,150107,Snam Preah,0
15,1501,150108,Svay Doun Kaev,0
15,1501,150109,Ta Lou,0
15,1501,150110,Trapeang chorng,0
15,1502,150201,Anlong Vil,0
15,1502,150203,Kandieng,0
15,1502,150204,Kanhchor,0
15,1502,150205,Reang Til,0
15,1502,150206,Srae Sdok,0
15,1502,150207,Svay Luong,0
15,1502,150208,Sya,0
15,1502,150209,Veal,0
15,1502,150210,Kaoh Chum,0
15,1503,150301,Anlong Tnaot,0
15,1503,150302,Ansa Chambak,0
15,1503,150303,Boeng Kantuot,0
15,1503,150304,Chheu Tom,0
15,1503,150305,Kampong Luong,0
15,1503,150306,Kampong Pou,0
15,1503,150307,Kbal Trach,0
15,1503,150308,Ou Sandan,0
15,1503,150309,Sna Ansa,0
15,1503,150310,Svay Sa,0
15,1503,150311,Tnaot Chum,0
15,1504,150401,Bak Chenhchien,0
15,1504,150402,Leach,0
15,1504,150403,Phteah Rung,0
15,1504,150404,Prongil,0
15,1504,150405,Rokat,0
15,1504,150406,Santreae,0
15,1504,150407,Samraong,0
15,1505,150501,Chamraeun Phal,1
15,1505,150503,Lolok Sa,1
15,1505,150504,Phteah Prey,1
15,1505,150505,Prey Nhi,1
15,1505,150506,Roleab,1
15,1505,150507,Svay At,1
15,1505,150508,Banteay Dei,1
15,1506,150601,Ou Saom,0
15,1506,150602,Krapeu Pir,0
15,1506,150603,Anlong Reab,0
15,1506,150604,Pramaoy,0
15,1506,150605,Thma Da,0
16,1601,160101,Malik,0
16,1601,160103,Nhang,0
16,1601,160104,Ta Lav,0
16,1602,160201,Kachanh,0
16,1602,160202,Labansiek,0
16,1602,160203,Yeak Laom,0
16,1603,160301,Kak,0
16,1603,160302,Keh Chong,0
16,1603,160303,La Minh,0
16,1603,160304,Lung Khung,0
16,1603,160305,Saeung,0
16,1603,160306,Ting Chak,0
16,1604,160401,Serei Mongkol,0
16,1604,160402,Srae Angkrorng,0
16,1604,160403,Ta Ang,0
16,1604,160404,Teun,0
16,1604,160405,Trapeang Chres,0
16,1604,160406,Trapeang Kraham,0
16,1605,160501,Chey Otdam,0
16,1605,160502,Ka Laeng,0
16,1605,160503,Lbang Muoy,0
16,1605,160504,Lbang Pir,0
16,1605,160505,Ba Tang,0
16,1605,160506,Seda,0
16,1606,160601,Cha Ung,0
16,1606,160602,Pouy,0
16,1606,160603,Aekakpheap,0
16,1606,160604,Kalai,0
16,1606,160605,Ou Chum,0
16,1606,160606,Sameakki,0
16,1606,160607,L'ak,0
16,1607,160701,Bar Kham,0
16,1607,160702,Lum Choar,0
16,1607,160703,Pak Nhai,0
16,1607,160704,Pa Te,0
16,1607,160705,Sesan,0
16,1607,160706,Saom Thum,0
16,1607,160707,Ya Tung,0
16,1608,160801,Ta Veaeng Leu,0
16,1608,160802,Ta Veaeng Kraom,0
16,1609,160901,Pong,0
16,1609,160903,Hat Pak,0
16,1609,160904,Ka Choun,0
16,1609,160905,Kaoh Pang,0
16,1609,160906,Kaoh Peak,0
16,1609,160907,Kok Lak,0
16,1609,160908,Pa Kalan,0
16,1609,160909,Phnum Kok,0
16,1609,160910,Veun Sai,0
17,1701,170101,Char Chhuk,0
17,1701,170102,Doun Peng,0
17,1701,170103,Kouk Doung,0
17,1701,170104,Koul,0
17,1701,170105,Nokor Pheas,0
17,1701,170106,Srae Khvav,0
17,1701,170107,Ta Saom,0
17,1702,170201,Chob Ta Trav,0
17,1702,170202,Leang Dai,0
17,1702,170203,Peak Snaeng,0
17,1702,170204,Svay Chek,0
17,1703,170301,Khnar Sanday,0
17,1703,170302,Khun Ream,0
17,1703,170303,Preah Dak,0
17,1703,170304,Rumchek,0
17,1703,170305,Run Ta Aek,0
17,1703,170306,Tbaeng,0
17,1704,170401,Anlong Samnar,0
17,1704,170402,Chi Kraeng,0
17,1704,170403,Kampong Kdei,0
17,1704,170404,Khvav,0
17,1704,170405,Kouk Thlok Kraom,0
17,1704,170406,Kouk Thlok Leu,0
17,1704,170407,Lveaeng Ruessei,0
17,1704,170408,Pongro Kraom,1
17,1704,170409,Pongro Leu,0
17,1704,170410,Ruessei Lok,1
17,1704,170411,Sangvaeuy,0
17,1704,170412,Spean Tnaot,0
17,1706,170601,Chanleas Dai,0
17,1706,170602,Kampong Thkov,0
17,1706,170603,Kralanh,0
17,1706,170604,Krouch Kor,0
17,1706,170605,Roung Kou,1
17,1706,170606,Sambuor,0
17,1706,170607,Saen Sokh,1
17,1706,170608,Snuol,1
17,1706,170609,Sranal,0
17,1706,170610,Ta An,0
17,1707,170701,Sasar Sdam,0
17,1707,170702,Doun Kaev,0
17,1707,170703,Kdei Run,0
17,1707,170704,Kaev Poar,0
17,1707,170705,Khnat,0
17,1707,170707,Lvea,0
17,1707,170708,Mukh Paen,0
17,1707,170709,Pou Treay,0
17,1707,170710,Puok,0
17,1707,170711,Prey Chruk,0
17,1707,170712,Reul,0
17,1707,170713,Samraong Yea,0
17,1707,170715,Trei Nhoar,0
17,1707,170716,Yeang,0
17,1709,170902,Bakong,0
17,1709,170903,Ballangk,0
17,1709,170904,Kampong Phluk,0
17,1709,170905,Kantreang,0
17,1709,170906,Kandaek,0
17,1709,170907,Mean Chey,0
17,1709,170908,Roluos,0
17,1709,170909,Trapeang Thum,0
17,1710,171001,Sla Kram,0
17,1710,171002,Svay Dankum,1
17,1710,171003,Kok Chak,0
17,1710,171004,Sala Kamreuk,1
17,1710,171005,Nokor Thum,0
17,1710,171006,Chreav,1
17,1710,171007,Chong Khnies,0
17,1710,171008,Sambuor,0
17,1710,171009,Siem Reab,1
17,1710,171010,Srangae,0
17,1710,171011,Ampil,0
17,1710,171012,Krabei Riel,0
17,1710,171013,Tuek Vil,0
17,1711,171101,Chan Sa,0
17,1711,171102,Dam Daek,0
17,1711,171103,Dan Run,0
17,1711,171104,Kampong Khleang,0
17,1711,171105,Kien Sangkae,0
17,1711,171106,Khchas,0
17,1711,171107,Khnar Pou,0
17,1711,171108,Popel,0
17,1711,171109,Samraong,0
17,1711,171110,Ta Yaek,0
17,1712,171201,Chrouy Neang Nguon,0
17,1712,171202,Klang Hay,0
17,1712,171203,Tram Sasar,0
17,1712,171204,Moung,0
17,1712,171205,Prei,0
17,1712,171206,Slaeng Spean,0
17,1713,171301,Boeng Mealea,0
17,1713,171302,Kantuot,0
17,1713,171303,Khnang Phnum,0
17,1713,171304,Svay Leu,0
17,1713,171305,Ta Siem,0
17,1714,171401,Prasat,0
17,1714,171402,Lvea Krang,0
17,1714,171403,Srae Nouy,0
17,1714,171404,Svay Sa,0
17,1714,171405,Varin,0
18,1801,180101,Muoy,1
18,1801,180102,Pir,1
18,1801,180103,Bei,1
18,1801,180104,Buon,1
18,1801,180105,Kaoh Rung,0
18,1802,180201,Andoung Thma,1
18,1802,180202,Boeng Ta Prum,0
18,1802,180203,Bet Trang,0
18,1802,180204,Cheung Kou,0
18,1802,180205,Ou Chrov,0
18,1802,180206,Ou Oknha Heng,0
18,1802,180207,Prey Nob,1
18,1802,180208,Ream,0
18,1802,180209,Sameakki,1
18,1802,180210,Samrong,1
18,1802,180211,Tuek L'ak,1
18,1802,180212,Tuek Thla,1
18,1802,180213,Tuol Totueng,1
18,1802,180214,Veal Renh,1
18,1803,180301,Kampenh,0
18,1803,180302,Ou Treh,1
18,1803,180303,Tumnob Rolok,1
18,1804,180401,Chamkar Luong,0
18,1804,180402,Kampong Seila,0
18,1804,180403,Ou Bak Roteh,0
18,1804,180404,Stueng Chhay,0
19,1901,190101,Kamphun,0
19,1901,190102,Kbal Romeas,0
19,1901,190103,Phluk,0
19,1901,190104,Samkhuoy,0
19,1901,190105,Sdau,0
19,1901,190106,Srae Kor,0
19,1901,190107,Ta Lat,0
19,1902,190201,Kaoh Preah,0
19,1902,190202,Kaoh Sampeay,0
19,1902,190203,Kaoh Sralay,0
19,1902,190204,Ou Mreah,0
19,1902,190205,Ou Ruessei Kandal,0
19,1902,190206,Siem Bouk,0
19,1902,190207,Srae Krasang,0
19,1903,190301,Preaek Meas,0
19,1903,190302,Sekong,0
19,1903,190303,Santepheap,0
19,1903,190304,Srae Sambour,0
19,1903,190305,Tma Kaev,0
19,1904,190401,Stueng Traeng,0
19,1904,190402,Srah Ruessei,0
19,1904,190403,Preah Bat,0
19,1904,190404,Sameakki,0
19,1905,190501,Anlong Phe,0
19,1905,190502,Chamkar Leu,0
19,1905,190503,Kang Cham,0
19,1905,190504,Kaoh Snaeng,0
19,1905,190505,Anlong Chrey,0
19,1905,190506,Ou Rai,0
19,1905,190507,Ou Svay,0
19,1905,190508,Preah Rumkel,0
19,1905,190509,Sam Ang,0
19,1905,190510,Srae Ruessei,0
19,1905,190511,Thala Barivat,0
20,2001,200103,Chantrea,0
20,2001,200104,Chres,0
20,2001,200105,Me Sar Thngak,0
20,2001,200108,Prey Kokir,0
20,2001,200109,Samraong,0
20,2001,200110,Tuol Sdei,0
20,2002,200201,Banteay Krang,0
20,2002,200202,Nhor,0
20,2002,200203,Khsaetr,0
20,2002,200204,Preah Ponlea,0
20,2002,200205,Prey Thum,0
20,2002,200206,Reach Montir,0
20,2002,200207,Samlei,0
20,2002,200208,Samyaong,0
20,2002,200209,Svay Ta Yean,0
20,2002,200211,Thmei,0
20,2002,200212,Tnaot,0
20,2003,200301,Bos Mon,0
20,2003,200302,Thmea,0
20,2003,200303,Kampong Chak,0
20,2003,200304,Chrung Popel,0
20,2003,200305,Kampong Ampil,0
20,2003,200306,Meun Chey,0
20,2003,200307,Pong Tuek,0
20,2003,200308,Sangkae,0
20,2003,200309,Svay Chek,0
20,2003,200310,Thna Thnong,0
20,2004,200401,Ampil,0
20,2004,200402,Andoung Pou,0
20,2004,200403,Andoung Trabaek,0
20,2004,200404,Angk Prasrae,0
20,2004,200405,Chantrei,0
20,2004,200406,Chrey Thum,0
20,2004,200407,Doung,0
20,2004,200408,Kampong Trach,0
20,2004,200409,Kokir,0
20,2004,200410,Krasang,0
20,2004,200411,Mukh Da,0
20,2004,200412,Mream,0
20,2004,200413,Sambuor,0
20,2004,200414,Sambatt Mean Chey,0
20,2004,200415,Trapeang Sdau,0
20,2004,200416,Tras,0
20,2005,200501,Angk Ta Sou,0
20,2005,200502,Basak,0
20,2005,200503,Chambak,0
20,2005,200504,Kampong Chamlang,0
20,2005,200505,Ta Suos,1
20,2005,200507,Chheu Teal,1
20,2005,200508,Doun Sa,0
20,2005,200509,Kouk Pring,1
20,2005,200510,Kraol Kou,1
20,2005,200511,Kruos,0
20,2005,200512,Pouthi Reach,0
20,2005,200513,Svay Angk,0
20,2005,200514,Svay Chrum,1
20,2005,200515,Svay Thum,0
20,2005,200516,Svay Yea,0
20,2005,200517,Thlok,0
20,2006,200601,Svay Rieng,0
20,2006,200602,Prey Chhlak,0
20,2006,200603,Koy Trabaek,0
20,2006,200604,Pou Ta Hao,0
20,2006,200605,Chek,0
20,2006,200606,Svay Toea,0
20,2006,200607,Sangkhoar,0
20,2007,200702,Koki Saom,0
20,2007,200703,Kandieng Reay,0
20,2007,200704,Monourom,0
20,2007,200705,Popeaet,0
20,2007,200706,Prey Ta Ei,0
20,2007,200707,Prasoutr,0
20,2007,200708,Romeang Thkaol,0
20,2007,200709,Sambuor,0
20,2007,200711,Svay Rumpear,0
20,2008,200801,Bati,0
20,2008,200802,Bavet,0
20,2008,200803,Chrak Mtes,0
20,2008,200804,Prasat,0
20,2008,200805,Prey Angkunh,0
21,2101,210101,Angkor Borei,0
21,2101,210102,Ba Srae,0
21,2101,210103,Kouk Thlok,0
21,2101,210104,Ponley,0
21,2101,210105,Preaek Phtoul,0
21,2101,210106,Prey Phkoam,0
21,2102,210201,Chambak,0
21,2102,210202,Champei,1
21,2102,210203,Doung,1
21,2102,210204,Kandoeng,1
21,2102,210205,Komar Reachea,1
21,2102,210206,Krang Leav,1
21,2102,210207,Krang Thnong,1
21,2102,210208,Lumpong,1
21,2102,210209,Pea Ream,1
21,2102,210210,Pot Sar,0
21,2102,210211,Sour Phi,1
21,2102,210212,Tang Doung,1
21,2102,210213,Tnaot,1
21,2102,210214,Trapeang Krasang,1
21,2102,210215,Trapeang Sab,1
21,2103,210301,Borei Cholsar,0
21,2103,210302,Chey Chouk,0
21,2103,210303,Doung Khpos,0
21,2103,210304,Kampong Krasang,0
21,2103,210305,Kouk Pou,0
21,2104,210401,Angk Prasat,1
21,2104,210402,Preah Bat Choan Chum,1
21,2104,210403,Kamnab,0
21,2104,210404,Kampeaeng,1
21,2104,210405,Kiri Chong Kaoh,1
21,2104,210406,Kouk Prech,1
21,2104,210407,Phnum Den,0
21,2104,210408,Prey Ampok,1
21,2104,210409,Prey Rumdeng,0
21,2104,210410,Ream Andaeuk,1
21,2104,210411,Saom,0
21,2104,210412,Ta Ou,0
21,2105,210501,Krapum Chhuk,0
21,2105,210502,Pech Sar,0
21,2105,210503,Prey Khla,0
21,2105,210504,Prey Yuthka,0
21,2105,210505,Romenh,0
21,2105,210506,Thlea Prachum,0
21,2106,210601,Angkanh,0
21,2106,210602,Ban Kam,0
21,2106,210603,Champa,0
21,2106,210604,Char,0
21,2106,210605,Kampeaeng,0
21,2106,210606,Kampong Reab,0
21,2106,210607,Kdanh,0
21,2106,210608,Pou Rumchak,0
21,2106,210609,Prey Kabbas,0
21,2106,210610,Prey Lvea,0
21,2106,210611,Prey Phdau,0
21,2106,210612,Snao,0
21,2106,210613,Tang Yab,0
21,2107,210701,Boeng Tranh Khang Cheung,1
21,2107,210702,Boeng Tranh Khang Tboung,1
21,2107,210703,Cheung Kuon,0
21,2107,210704,Chumreah Pen,1
21,2107,210705,Khvav,1
21,2107,210706,Lumchang,1
21,2107,210707,Rovieng,1
21,2107,210708,Samraong,1
21,2107,210709,Soengh,1
21,2107,210710,Sla,0
21,2107,210711,Trea,0
21,2108,210801,Baray,0
21,2108,210802,Roka Knong,1
21,2108,210803,Roka Krau,1
21,2109,210901,Angk Ta Saom,1
21,2109,210902,Cheang Tong,0
21,2109,210903,Kus,1
21,2109,210904,Leay Bour,1
21,2109,210905,Nhaeng Nhang,0
21,2109,210906,Ou Saray,0
21,2109,210907,Trapeang Kranhoung,0
21,2109,210908,Otdam Soriya,0
21,2109,210909,Popel,0
21,2109,210910,Samraong,0
21,2109,210911,Srae Ronoung,0
21,2109,210912,Ta Phem,0
21,2109,210913,Tram Kak,0
21,2109,210914,Trapeang Thum Khang Cheung,0
21,2109,210915,Trapeang Thum Khang Tboung,0
21,2110,211001,Angkanh,0
21,2110,211002,Angk Khnor,0
21,2110,211003,Chi Khma,0
21,2110,211004,Khvav,0
21,2110,211005,Prambei Mum,0
21,2110,211006,Angk Kaev,0
21,2110,211007,Prey Sloek,1
21,2110,211008,Roneam,1
21,2110,211009,Sambuor,0
21,2110,211010,Sanlung,0
21,2110,211011,Smaong,0
21,2110,211012,Srangae,0
21,2110,211013,Thlok,0
21,2110,211014,Tralach,0
22,2201,220101,Anlong Veaeng,0
22,2201,220103,Trapeang Tav,0
22,2201,220104,Trapeang Prei,0
22,2201,220105,Thlat,0
22,2201,220106,Lumtong,0
22,2202,220201,Ampil,0
22,2202,220202,Beng,0
22,2202,220203,Kouk Khpos,0
22,2202,220204,Kouk Mon,0
22,2203,220301,Cheung Tien,0
22,2203,220302,Chong Kal,0
22,2203,220303,Krasang,0
22,2203,220304,Pongro,0
22,2204,220401,Bansay Reak,0
22,2204,220402,Bos Sbov,0
22,2204,220403,Koun Kriel,0
22,2204,220404,Samraong,0
22,2204,220405,Ou Smach,0
22,2205,220501,Bak Anloung,0
22,2205,220502,Ph'av,0
22,2205,220503,Ou Svay,0
22,2205,220504,Preah Pralay,0
22,2205,220505,Tumnob Dach,0
22,2205,220506,Trapeang Prasat,0
23,2301,230101,Angkaol,0
23,2301,230103,Pong Tuek,0
23,2302,230201,Kaeb,1
23,2302,230202,Prey Thum,1
23,2302,230203,Ou Krasar,0
24,2401,240101,Pailin,0
24,2401,240102,Ou Ta Vau,0
24,2401,240103,Tuol Lvea,0
24,2401,240104,Bar Yakha,0
24,2402,240201,Sala Krau,0
24,2402,240202,Stueng Trang,0
24,2402,240203,Stueng Kach,0
24,2402,240204,Ou Andoung,0
